{
  "padma_2022_Q1_NDVI.png": {
    "bounds": [[23.7529614, 89.6128385], [23.8132816, 89.7913663]]
  },
  "padma_2022_Q1_NDWI.png": {
    "bounds": [[23.7529614, 89.6128385], [23.8132816, 89.7913663]]
  },
  "padma_2022_Q2_NDVI.png": {
    "bounds": [[23.7529614, 89.6128385], [23.8132816, 89.7913663]]
  },
  "padma_2022_Q2_NDWI.png": {
    "bounds": [[23.7529614, 89.6128385], [23.8132816, 89.7913663]]
  },
  "padma_2022_Q3_NDVI.png": {
    "bounds": [[23.7529614, 89.6128385], [23.8132816, 89.7913663]]
  },
  "padma_2022_Q3_NDWI.png": {
    "bounds": [[23.7529614, 89.6128385], [23.8132816, 89.7913663]]
  },
  "padma_2022_Q4_NDVI.png": {
    "bounds": [[23.7529614, 89.6128385], [23.8132816, 89.7913663]]
  },
  "padma_2022_Q4_NDWI.png": {
    "bounds": [[23.7529614, 89.6128385], [23.8132816, 89.7913663]]
  }
}
