{
  "padma_2022_Q2_NDVI.png": {
    "bounds": [
      [
        23.75289341657474,
        89.61278864026905
      ],
      [
        23.813350035195985,
        89.79137371875201
      ]
    ]
  },
  "padma_2022_Q1_NDVI.png": {
    "bounds": [
      [
        23.75289341657474,
        89.61278864026905
      ],
      [
        23.813350035195985,
        89.79137371875201
      ]
    ]
  },
  "padma_2022_Q4_NDVI.png": {
    "bounds": [
      [
        23.75289341657474,
        89.61278864026905
      ],
      [
        23.813350035195985,
        89.79137371875201
      ]
    ]
  },
  "padma_2022_Q1_NDWI.png": {
    "bounds": [
      [
        23.75289341657474,
        89.61278864026905
      ],
      [
        23.813350035195985,
        89.79137371875201
      ]
    ]
  },
  "padma_2022_Q4_NDWI.png": {
    "bounds": [
      [
        23.75289341657474,
        89.61278864026905
      ],
      [
        23.813350035195985,
        89.79137371875201
      ]
    ]
  },
  "padma_2022_Q3_NDVI.png": {
    "bounds": [
      [
        23.75289341657474,
        89.61278864026905
      ],
      [
        23.813350035195985,
        89.79137371875201
      ]
    ]
  },
  "padma_2022_Q3_NDWI.png": {
    "bounds": [
      [
        23.75289341657474,
        89.61278864026905
      ],
      [
        23.813350035195985,
        89.79137371875201
      ]
    ]
  },
  "padma_2022_Q2_NDWI.png": {
    "bounds": [
      [
        23.75289341657474,
        89.61278864026905
      ],
      [
        23.813350035195985,
        89.79137371875201
      ]
    ]
  }
}